id,kode,name,root,report,type,group,parent_id
1,1,Aset,1,induk,aset,neraca,null
2,1.1,Aset Lancar,1,induk,kewajiban,neraca,null
3,1.1.01,Kas dan Setara Kas,1,induk,ekuitas,neraca,null
4,1.1.01.01,Kas Di BLUD,1,induk,pendapatan,lra,null
5,1.1.01.01.001,Kas di Nomor Rekening ……,1,induk,belanja,lra,null
6,1.1.01.01.002,Dst…..,1,induk,pembiayaan,lra,null
7,1.1.01,Kas di Bendahara Penerimaan,1,induk,pendapatan-lo,lo,null
8,1.1.01.01,Kas di Bendahara Penerimaan*,1,induk,beban-lo,lo,null
9,1.1.01.01.002,Kas di Bendahara Penerimaan Tunai ….**,0,kelompok,aset,neraca,1
10,1.1.01,Kas di Bendahara Pengeluaran,0,kelompok,aset,neraca,1
11,1.1.01.01,Kas di Bendahara Pengeluaran*,0,kelompok,aset,neraca,1
12,1.1.01.01.003,Kas di Bendahara Pengeluaran Tunai….**,0,kelompok,kewajiban,neraca,2
13,1.1.01,Kas dan Setara Kas,0,kelompok,kewajiban,neraca,2
14,1.1.01.02,Setara Kas,0,kelompok,ekuitas,neraca,3
15,1.1.01.02.001,Deposito Nomor Rekening ….,0,kelompok,pendapatan,lra,4
16,1.1.01.02.002,Deposito Nomor Rekening …. ,0,kelompok,pendapatan,lra,4
17,1.1.01.02.003,Dst….,0,kelompok,pendapatan,lra,4
18,1.1.02,Investasi Jangka Pendek,0,kelompok,pendapatan,lra,4
19,1.1.02.01,Investasi Jangka Pendek,0,kelompok,pendapatan,lra,4
20,1.1.02.01.001,Investasi Jangka Pendek,0,kelompok,belanja,lra,5
21,1.1.03,Piutang Pendapatan BLUD,0,kelompok,belanja,lra,5
22,1.1.03.01,Piutang Pendapatan BLUD,0,kelompok,belanja,lra,5
23,1.1.03.01.001,Piutang Pasien,0,kelompok,pembiayaan,lra,6
24,1.1.03.01.002,Piutang Pihak Ketiga,0,kelompok,pembiayaan,lra,6
25,1.1.03.01.003,Piutang Penjualan Aset,0,kelompok,pendapatan-lo,lo,7
26,1.1.03.01.004,Piutang Sewa,0,kelompok,pendapatan-lo,lo,7
27,1.1.03.01.005,Piutang Jasa Pelayanan,0,kelompok,pendapatan-lo,lo,7
28,1.1.03.01.006,Piutang BPJS Kesehatan,0,kelompok,pendapatan-lo,lo,7
29,1.1.03.01.007,Dst…,0,kelompok,pendapatan-lo,lo,7
30,1.1.04,Piutang Lainnya,0,kelompok,beban-lo,lo,8
31,1.1.04.01,Piutang Lainnya,0,kelompok,beban-lo,lo,8
32,1.1.04.01.001,Piutang Investasi,0,jenis,aset,neraca,10
33,1.1.04.01.002,Piutang TGR,0,jenis,aset,neraca,10
34,1.1.04.01.003,Dst…….,0,jenis,aset,neraca,10
35,1.1.05,Penyisihan Piutang,0,jenis,aset,neraca,10
36,1.1.05.01,Penyisihan Piutang,0,jenis,aset,neraca,10
37,1.1.05.01.001,Penyisihan Piutang Pasien,0,jenis,aset,neraca,10
38,1.1.05.01.002,Penyisihan Piutang Penjualan Aset,0,jenis,aset,neraca,10
39,1.1.05.01.003,Penyisihan Piutang Investasi,0,jenis,aset,neraca,10
40,1.1.05.01.004,Penyisihan Piutang TGR,0,jenis,aset,neraca,10
41,1.1.05.01.005,Dst…..,0,jenis,aset,neraca,10
42,1.1.06,Beban dibayar dimuka,0,jenis,aset,neraca,11
43,1.1.06.01,Beban dibayar dimuka-sewa,0,jenis,aset,neraca,12
44,1.1.06.01.001,Beban Dibayar Dimuka-sewa tanah,0,jenis,aset,neraca,12
45,1.1.06.01.002,Beban dibayar dimuka-sewa gedung dan bangunan,0,jenis,aset,neraca,12
46,1.1.06.01.003,Beban dibayar dimuka-sewa peralatan dan mesin,0,jenis,aset,neraca,12
47,1.1.06.01.004,Beban dibayar dimuka-sewa dst…..,0,jenis,aset,neraca,12
48,1.1.07,Persediaan,0,jenis,kewajiban,neraca,
49,1.1.07.01,Persediaan Obat,0,jenis,kewajiban,neraca,
50,1.1.07.01.001,Persediaan Obat….,0,jenis,ekuitas,neraca,
51,1.1.07.01.002,Dst…,0,jenis,ekuitas,neraca,
52,1.1.07.02,Persediaan Barang Pakai Habis,0,jenis,ekuitas,neraca,
53,1.1.07.02.001,Persediaan bahan Bangunan dan Konstuksi,0,jenis,pendapatan,lra,16
54,1.1.07.02.002,Persediaan bahan kimia,0,jenis,pendapatan,lra,17
55,1.1.07.02.003,Persediaan bahan bakar dan pelumas,0,jenis,pendapatan,lra,18
56,1.1.07.02.004,Persediaan bahan baku ,0,jenis,pendapatan,lra,19
57,1.1.07.02.005,Persediaan bahan dalam proses,0,jenis,pendapatan,lra,20
58,1.1.07.02.006,Persediaan bahan tanaman,0,jenis,belanja,lra,21
59,1.1.07.02.007,Persediaan bahan isi tabung pemadam kebakaran,0,jenis,belanja,lra,
60,1.1.07.02.008,Persediaan bahan tabung kas,0,jenis,belanja,lra,
61,1.1.07.02.009,Persediaan bahan lainya,0,jenis,belanja,lra,
62,1.1.07.02.010,Persediaan bahan suku cadang kendaraan,0,jenis,belanja,lra,
63,1.1.07.02.011,Persediaan bahan suku cadang alat besar,0,jenis,belanja,lra,
64,1.1.07.02.012,Persediaan bahan suku cadang alat-alat labolatorium,0,jenis,belanja,lra,
65,1.1.07.02.013,Persediaan bahan suku cadang alat lainya,0,jenis,belanja,lra,
66,1.1.07.02.014,Persediaan alat/bahan untuk kegiatan kantor- ATK,0,jenis,belanja,lra,
67,1.1.07.02.015,Persediaan alat/bahan untuk kegiatan kantor- Cetak/cover/kertas,0,jenis,belanja,lra,
68,1.1.07.02.016,Persediaan alat/bahan untuk kegiatan kantor-benda pos,0,jenis,pembiayaan,lra,
69,1.1.07.02.017,Persediaan alat/bahan untuk kegiatan kantor-dokumen adm tender,0,jenis,pembiayaan,lra,
70,1.1.07.02.018,Persediaan alat/bahan untuk kegiatan kantor-bahan computer,0,jenis,pembiayaan,lra,
71,1.1.07.02.019,Persediaan alat/bahan untuk kegiatan kantor-alat kantor,0,jenis,pembiayaan,lra,
72,1.1.07.02.020,Persediaan alat/bahan untuk kegiatan kantor-alat listik,0,jenis,pendapatan-lo,lo,
73,1.1.07.02.021,Persediaan alat/bahan untuk kegiatan kantor-perlengkapan/pakaian dinas,0,jenis,pendapatan-lo,lo,
74,1.1.07.02.021,Persediaan alat/bahan untuk kegiatan kantor-perlengkapan satwa,0,jenis,pendapatan-lo,lo,
75,1.1.07.02.022,Persediaan alat/bahan untuk kegiatan kantor-perlengkapan olahraga,0,jenis,pendapatan-lo,lo,
76,1.1.07.02.023,Persediaan alat/bahan untuk kegiatan kantor-suvenir/cendramata,0,jenis,pendapatan-lo,lo,
77,1.1.07.02.024,Persediaan untuk dijual/diserahkan pada masyarakat/Lembaga,0,jenis,beban-lo,lo,
78,1.1.07.02.025,Persediaan alat-alat penelitian,0,jenis,beban-lo,lo,
79,1.1.07.02.026,Persediaan alat kedokteran pakai habis,0,jenis,beban-lo,lo,
80,1.1.07.02.027,Persediaan alat Kesehatan pakai habis,0,jenis,beban-lo,lo,
81,1.1.07.02.028,Persediaan alat labolatorium pakai habis,0,jenis,beban-lo,lo,
82,1.1.07.02.029,Dst…,0,jenis,beban-lo,lo,
83,1.1.07.03,Persediaan barang Tidak Pakai Habis,0,jenis,beban-lo,lo,
84,1.1.07.03.001,Persediaan bahan komponen,0,jenis,beban-lo,lo,
85,1.1.07.03.002,Dst…,0,jenis,beban-lo,lo,
86,1.1.07.04,Persediaan barang bekas,0,jenis,beban-lo,lo,
87,1.1.07.04.001,Persediaan barang bekas,0,jenis,beban-lo,lo,
88,1.1.07.04.002,Dst,0,jenis,beban-lo,lo,
89,1.1.08,Aset untuk dikonsolidasikan,0,jenis,beban-lo,lo,
90,1.1.08.01,RK PPKD dan SKPD,0,objek,aset,neraca,33
91,1.1.08.01.001,RK PPKD,0,objek,aset,neraca,33
92,1.1.08.01.002,RK SKPD,0,objek,aset,neraca,33
93,1.2,Investasi Jangka Panjang,0,objek,aset,neraca,33
94,1.2.01,Investasi Jangka Panjang,0,objek,aset,neraca,
95,1.2.01.01.001,Investasi Jangka Panjang,0,objek,aset,neraca,
96,1.2.01.01.001,Investasi Jangka Panjang,0,objek,aset,neraca,
97,1.3,Aset Tetap,0,objek,aset,neraca,
98,1.3.01,Tanah,0,objek,aset,neraca,
99,1.3.01.01,Tanah,0,objek,aset,neraca,
100,1.3.01.01.001,Tanah,0,objek,aset,neraca,
101,1.3.02,Peralatan dan Mesin,0,objek,aset,neraca,
102,1.3.02.01,Alat Besar,0,objek,aset,neraca,
103,1.3.02.01.001,Alat Besar darat,0,objek,aset,neraca,
104,1.3.02.01.002,Dst…,0,objek,aset,neraca,
105,1.3.02.02,Alat Angkutan,0,objek,aset,neraca,
106,1.3.02.02.001,Kendaraan Dinas Bermotor Perorangan,0,objek,aset,neraca,
107,1.3.02.02.002,Kendaraan Bermotor Penumpang,0,objek,aset,neraca,
108,1.3.02.02.003,Kendaraan Bermotor Angkutan Barang,0,objek,aset,neraca,
109,1.3.02.02.004,Kendaraan Bermotor Berroda dua,0,objek,aset,neraca,
110,1.3.02.02.005,Kendaraan Bermotor Berroda Tiga,0,objek,aset,neraca,
111,1.3.02.02.006,Kendaraan Bermotor Khusus,0,objek,aset,neraca,
112,1.3.02.02.007,Kendaraan Khusus Lainnya,0,objek,aset,neraca,
113,1.3.02.02.008,Dst..,0,objek,aset,neraca,
114,1.3.02.03,Alat bengkel dan Alat Ukur,0,objek,aset,neraca,
115,1.3.02.03.001,Alat Bengkel Bermesin,0,objek,aset,neraca,
116,1.3.02.03.002,Alat Bengkel lainya,0,objek,aset,neraca,
117,1.3.02.03.003,Alat Ukur Tes Klinis,0,objek,aset,neraca,
118,1.3.02.03.004,Alat Ukur Kalibrasi,0,objek,aset,neraca,
119,1.3.02.03.005,Alat Ukur Lainnya,0,objek,aset,neraca,
120,1.3.02.03.006,Dst…,0,objek,aset,neraca,
121,1.3.02.04,Alat Kantor,0,objek,aset,neraca,
122,1.3.02.04.001,Mesin Ketik,0,objek,aset,neraca,
123,1.3.02.04.002,Mesin Hitung,0,objek,aset,neraca,
124,1.3.02.04.003,Mesin Penggandaan,0,objek,aset,neraca,
125,1.3.02.04.004,Alat Kantor Lainnya,0,objek,kewajiban,neraca,
126,1.3.02.04.005,Mebel,0,objek,kewajiban,neraca,
127,1.3.02.04.006,Alat Pembersih,0,objek,kewajiban,neraca,
128,1.3.02.04.007,Alat Pendingin,0,objek,kewajiban,neraca,
129,1.3.02.04.008,Alat Dapur,0,objek,ekuitas,neraca,
130,1.3.02.04.009,Alat Rumah Tangga Lainya,0,objek,ekuitas,neraca,
131,1.3.02.04.010,Meja Kerja,0,objek,ekuitas,neraca,
132,1.3.02.04.011,Alat Pemadam Kebakaran,0,objek,ekuitas,neraca,
133,1.3.02.04.015,Sofa,0,objek,ekuitas,neraca,
134,1.3.02.04.016,Meja Rapat,0,objek,ekuitas,neraca,
135,1.3.02.04.017,Lemari dan Arsip,0,objek,ekuitas,neraca,
136,1.3.02.04.018,Alat Studio,0,objek,ekuitas,neraca,
137,1.3.02.04.019,Alat Komunikasi,0,objek,ekuitas,neraca,
138,1.3.02.04.020,Alat Pemancar,0,objek,pendapatan,lra,54
139,1.3.02.04.021,Printer,0,objek,pendapatan,lra,55
140,1.3.02.04.022,Dst…,0,objek,belanja,lra,
141,1.3.02.05,Alat-alat Kedokteran dan Kesehatan,0,objek,belanja,lra,
142,1.3.02.05.021,Alat-alat Kedokteran Umum,0,objek,belanja,lra,
143,1.3.02.05.022,Alat-alat Kedokteran Gigi,0,objek,belanja,lra,
144,1.3.02.05.023,Alat-alat Kedokteran Bedah,0,objek,belanja,lra,
145,1.3.02.05.025,Alat-alat Kesehatan Kebidanan dan Penyakit Kandungan,0,objek,belanja,lra,
146,1.3.02.05.026,Alat-alat Kedokteran THT,0,objek,belanja,lra,
147,1.3.02.05.027,Alat-alat Kedokteran Mata,0,objek,belanja,lra,
148,1.3.02.05.028,Alat-alat Kedokteran Bagian Penyakit Dalam,0,objek,belanja,lra,
149,1.3.02.05.029,Alat-alat Kedokteran Kamar Jenazah,0,objek,belanja,lra,
150,1.3.02.05.030,Alat Kedokteran Anak,0,objek,belanja,lra,
151,1.3.02.05.031,Alat Kedokteran Poliklinik,0,objek,belanja,lra,
152,1.3.02.05.032,Alat Rehabilitasi Medis,0,objek,belanja,lra,
153,1.3.02.05.033,Alat Kedokteran Neurologi (Saraf),0,objek,belanja,lra,
154,1.3.02.05.034,Alat Kedokteran Jantung,0,objek,belanja,lra,
155,1.3.02.05.035,Alat Kedokteran Radiodiagnostic,0,objek,belanja,lra,
156,1.3.02.05.036,Alat Kedokteran Patalogi Anatomy,0,objek,belanja,lra,
157,1.3.02.05.037,Alat Kedokteran Transfusi Darah,0,objek,belanja,lra,
158,1.3.02.05.038,Alat Kedokteran Radioterapi,0,objek,belanja,lra,
159,1.3.02.05.039,Alat Kedokteran Radioterapi,0,objek,belanja,lra,
160,1.3.02.05.040,Alat Kedokteran Kulit dan Kelamin,0,objek,belanja,lra,
161,1.3.02.05.041,Alat Kedokteran Gawat Darurat,0,objek,belanja,lra,
162,1.3.02.05.042,Alat Kedokteran Jiwa,0,objek,belanja,lra,
163,1.3.02.05.043,Alat Kedokteran Bedah Ortopedi,0,objek,belanja,lra,
164,1.3.02.05.044,Alat Kedokteran ICU,0,objek,belanja,lra,
165,1.3.02.05.045,Alat Kedokteran ICCU,0,objek,belanja,lra,
166,1.3.02.05.046,Alat Kedokteran Bedah Jantung,0,objek,belanja,lra,
167,1.3.02.05.047,Alat Kedokteran Traditional Medicine,0,objek,belanja,lra,
168,1.3.02.05.048,Alat Kedokteran Anestesi,0,objek,belanja,lra,
169,1.3.02.05.049,Alat Kedokteran Lainnya,0,objek,belanja,lra,
170,1.3.02.05.050,Alat Kesehatan Umum,0,objek,belanja,lra,
171,1.3.02.05.051,Dst…,0,objek,belanja,lra,
172,1.3.02.06,Alat-alat Labolatorium,0,objek,belanja,lra,
173,1.3.02.06.001,Alat Laboratorium Umum,0,objek,belanja,lra,
174,1.3.02.06.002,Alat Laboratorium Kimia,0,objek,pembiayaan,lra,
175,1.3.02.06.003,Alat Laboratorium Farmasi,0,objek,pembiayaan,lra,
176,1.3.02.06.004,Alat Laboratorium Lingkungan,0,objek,pembiayaan,lra,
177,1.3.02.06.005,Alat Laboratorium Kesehatan Kerja,0,objek,pembiayaan,lra,
178,1.3.02.06.007,Dst….,0,objek,pendapatan-lo,lo,
179,1.3.02.07,Alat Poteksi Lingkungan,0,objek,pendapatan-lo,lo,
180,1.3.02.07.001,Alat Kesehatan Kerja,0,objek,pendapatan-lo,lo,
181,1.3.02.07.002,Alat Proteksi Radiasi,0,objek,pendapatan-lo,lo,
182,1.3.02.07.003,Dst…,0,objek,pendapatan-lo,lo,
183,1.3.02.08,Alat Labolatorium Lingkungan Hidup,0,objek,beban-lo,lo,
184,1.3.02.08.001,Alat Labolatorium Kualitas Udara,0,objek,beban-lo,lo,
185,1.3.02.08.002,Alat Labolatorium Lingkungan ,0,objek,beban-lo,lo,
186,1.3.02.08.003,Dst…,0,objek,beban-lo,lo,
187,1.3.02.09,Komputer,0,objek,beban-lo,lo,
188,1.3.02.09.001,Komputer Jaringan,0,objek,beban-lo,lo,
189,1.3.02.09.002,Personal Computer,0,objek,beban-lo,lo,
190,1.3.02.09.003,Laptop,0,objek,beban-lo,lo,
191,1.3.02.09.004,Peralatan Komputer,0,objek,beban-lo,lo,
192,1.3.02.10,Peralatan Olahraga,0,objek,beban-lo,lo,
193,1.3.02.10.001,Alat-alat Olahraga,0,objek,beban-lo,lo,
194,1.3.02.10.002,Dst,0,objek,beban-lo,lo,
195,1.3.03,Gedung dan Bangunan,0,objek,beban-lo,lo,
196,1.3.03.01,Gedung dan Bangunan,0,objek,beban-lo,lo,
197,1.3.03.01.001,Gedung Kantor,0,objek,beban-lo,lo,
198,1.3.03.01.002,Gudang,0,objek,beban-lo,lo,
199,1.3.03.01.003,Gedung Kesehatan/Medis,0,rincian objek,aset,neraca,
200,1.3.03.01.004,Bengkel,0,rincian objek,aset,neraca,
201,1.3.03.01.005,Gedung Jenazah/Krematorium,0,rincian objek,aset,neraca,
202,1.3.03.01.006,Tempat Ibadah,0,rincian objek,aset,neraca,
203,1.3.03.01.007,Pos Jaga,0,rincian objek,aset,neraca,
204,1.3.03.01.008,Parkir,0,rincian objek,aset,neraca,
205,1.3.03.01.009,Koperasi,0,rincian objek,aset,neraca,
206,1.3.03.01.010,Kantin/Tempat Makan,0,rincian objek,aset,neraca,
207,1.3.03.01.011,Tempat Olahraga,0,rincian objek,aset,neraca,
208,1.3.03.01.012,Garasi,0,rincian objek,aset,neraca,
209,1.3.03.01.013,Bangunan Terbuka,0,rincian objek,aset,neraca,
210,1.3.03.01.014,Taman,0,rincian objek,aset,neraca,
211,1.3.03.01.015,Gedung Tempat Tinggal/Rumah Dinas/Asrama,0,rincian objek,aset,neraca,
212,1.3.03.01.016,Prasati/Tugu Peringatan,0,rincian objek,aset,neraca,
213,1.3.03.01.017,Menara,0,rincian objek,aset,neraca,
214,1.3.03.01.018,Tugu Batas,0,rincian objek,aset,neraca,
215,1.3.03.01.019,Pagar,0,rincian objek,aset,neraca,
216,1.3.03.01.020,Gedung lainya,0,rincian objek,aset,neraca,
217,1.3.03.01.021,Dst,0,rincian objek,aset,neraca,
218,1.3.04,"Jalan, Jaringan dan Irigasi",0,rincian objek,aset,neraca,
219,1.3.04.01,Jalan,0,rincian objek,aset,neraca,
220,1.3.04.01.001,Jalan,0,rincian objek,aset,neraca,
221,1.3.04.02,Jembatan,0,rincian objek,aset,neraca,
222,1.3.04.02.001,Jembatan,0,rincian objek,aset,neraca,
223,1.3.04.03,Bangunan Air/Irigasi,0,rincian objek,aset,neraca,
224,1.3.04.03.001,Bangunan Air Bersih,0,rincian objek,aset,neraca,
225,1.3.04.03.002,Bangunan Air Kotor,0,rincian objek,aset,neraca,
226,1.3.04.03.003,Bangunan Air Limbah,0,rincian objek,aset,neraca,
227,1.3.04.03.004,Dst….,0,rincian objek,aset,neraca,
228,1.3.04.04,"Instalasi Listik, Gas dan  Pengolahan Sampah",0,rincian objek,aset,neraca,
229,1.3.04.04.001,Instalasi Listik,0,rincian objek,aset,neraca,
230,1.3.04.04.002,Instalasi Pengelolaan Air Limbah,0,rincian objek,aset,neraca,
231,1.3.04.04.003,Gardu Listik,0,rincian objek,aset,neraca,
232,1.3.04.04.004,Instalasi Gas,0,rincian objek,aset,neraca,
233,1.3.04.04.005,Instanlasi Lainnya,0,rincian objek,aset,neraca,
234,1.3.04.04.006,Dst….,0,rincian objek,aset,neraca,
235,1.3.04.05,Jaringan,0,rincian objek,aset,neraca,
236,1.3.04.05.001,Jaringan Telpon,0,rincian objek,aset,neraca,
237,1.3.04.05.002,Jaringan Gas,0,rincian objek,aset,neraca,
238,1.3.04.05.003,Jaringan Distribusi,0,rincian objek,aset,neraca,
239,1.3.04.05.004,Jaringan Lainnya,0,rincian objek,aset,neraca,
240,1.3.04.05.006,Dst…,0,rincian objek,aset,neraca,
241,1.3.05,Aset Tetap Lainnya,0,rincian objek,aset,neraca,
242,1.3.05.01,Bahan Perpustakaan,0,rincian objek,aset,neraca,
243,1.3.05.01.001,Buku,0,rincian objek,aset,neraca,
244,1.3.05.01.001,Dst…,0,rincian objek,aset,neraca,
245,1.3.05.02,Lukisan/Patung,0,rincian objek,aset,neraca,
246,1.3.05.02.001,Lukisan,0,rincian objek,aset,neraca,
247,1.3.05.02.002,Patung,0,rincian objek,aset,neraca,
248,1.3.05.03,Musik,0,rincian objek,aset,neraca,
249,1.3.05.03.001,Karya Musik,0,rincian objek,aset,neraca,
250,1.3.05.03.002,Musik lainnya,0,rincian objek,aset,neraca,
251,1.3.05.04,Bercorak Kesenian dan Kebudayaan,0,rincian objek,aset,neraca,
252,1.3.05.04.001,Bercorak Kesenian,0,rincian objek,aset,neraca,
253,1.3.05.04.002,Bercorak Kebudayaan,0,rincian objek,aset,neraca,
254,1.3.05.05,Aset Tidak Berwujud,0,rincian objek,aset,neraca,
255,1.3.05.05.001,Lisensi / Franchise,0,rincian objek,aset,neraca,
256,1.3.05.05.002,Hak Cipta,0,rincian objek,aset,neraca,
257,1.3.05.05.003,Hak Paten,0,rincian objek,aset,neraca,
258,1.3.05.05.004,Software,0,rincian objek,aset,neraca,
259,1.3.05.05.006,Kajian,0,rincian objek,aset,neraca,
260,1.3.05.05.007,Aset Tak berwujud lainya,0,rincian objek,aset,neraca,
261,2,Kewajiban,0,rincian objek,aset,neraca,
262,2.1,Kewajiban Jangka Pendek,0,rincian objek,aset,neraca,
263,2.1.01,Utang Perhitungan Pada Fihak Ke Tiga (PFK),0,rincian objek,aset,neraca,
264,2.1.01.01,Utang Perhitungan Pada Fihak Ke Tiga (PFK),0,rincian objek,aset,neraca,
265,2.1.01.01.001,Utang Taspen,0,rincian objek,aset,neraca,
266,2.1.01.01.002,Utang Iuran Jaminan Kesehatan,0,rincian objek,aset,neraca,
267,2.1.01.01.003,Utang Iuran Jaminan Kematian,0,rincian objek,aset,neraca,
268,2.1.01.01.004,Utang Iuran Kecelakaan Kerja,0,rincian objek,aset,neraca,
269,2.1.01.01.005,Utang Asuransi Lainnya,0,rincian objek,aset,neraca,
270,2.1.01.01.006,Utang Pajak,0,rincian objek,aset,neraca,
271,2.1.01.01.007,Utang Pinjaman Jangka Pendek,0,rincian objek,aset,neraca,
272,2.1.01.01.008,Pendapatan diterima dimuka,0,rincian objek,aset,neraca,
273,2.1.01.01.009,Utang Pada Pasien,0,rincian objek,aset,neraca,
274,2.1.01.01.010,Dst….,0,rincian objek,aset,neraca,
275,2.1.01.02,Utang Belanja,0,rincian objek,aset,neraca,
276,2.1.01.02.001,Utang Belanja Pegawai,0,rincian objek,aset,neraca,
277,2.1.01.02.002,Utang Belanja Barang dan Jasa,0,rincian objek,aset,neraca,
278,2.1.01.02.003,Utang Belanja Bunga,0,rincian objek,aset,neraca,
279,2.1.01.02.004,Utang Belanja Hibah,0,rincian objek,aset,neraca,
280,2.1.01.02.005,Utang Belanja Modal,0,rincian objek,aset,neraca,
281,2.1.01.02.006,Dst….,0,rincian objek,aset,neraca,
282,2.1.01.03,Utang Jangka Pendek Lainnya,0,rincian objek,aset,neraca,
283,2.1.01.03.001,Utang Jangka Pendek Lainnya,0,rincian objek,aset,neraca,
284,2.2,Kewajiban Jangka Panjang,0,rincian objek,aset,neraca,
285,2.2.01,Kewajiban Jangka Panjang,0,rincian objek,aset,neraca,
286,2.2.01.01,Utang Pinjaman Jangka Panjang,0,rincian objek,aset,neraca,
287,2.2.01.01.001,Utang Pinjaman Jangka Panjang,0,rincian objek,aset,neraca,
288,2.2.01.01.002,Dst…..,0,rincian objek,aset,neraca,
289,3,Ekuitas,0,rincian objek,aset,neraca,
290,3.1,Ekuitas,0,rincian objek,aset,neraca,
291,3.1.01,Ekuitas,0,rincian objek,aset,neraca,
292,3.1.01.01,Ekuitas,0,rincian objek,aset,neraca,
293,3.1.01.01.001,Ekuitas,0,rincian objek,aset,neraca,
294,3.1.01.02,Surplus/Defisit LO,0,rincian objek,aset,neraca,
295,3.1.01.02.001,Surplus/Defisit LO,0,rincian objek,aset,neraca,
296,3.1.02,Ekuitas SAL,0,rincian objek,aset,neraca,
297,3.1.02.01,Estimasi Pendapatan,0,rincian objek,aset,neraca,
298,3.1.02.01.001,Estimasi Pendapatan,0,rincian objek,aset,neraca,
299,3.1.02.02,Estimasi Penerimaan Pembiayaan,0,rincian objek,aset,neraca,
300,3.1.02.02.001,Estimasi Penerimaan Pembiayaan,0,rincian objek,aset,neraca,
301,3.1.02.03,Apropriasi Belanja,0,rincian objek,aset,neraca,
302,3.1.02.03.001,Apropriasi Belanja,0,rincian objek,aset,neraca,
303,3.1.02.04,Aproprasi Pengeluaran Pembiayaan,0,rincian objek,aset,neraca,
304,3.1.02.04.001,Aproprasi Pengeluaran Pembiayaan,0,rincian objek,aset,neraca,
305,3.1.02.05,Estimasi Perubahan SAL,0,rincian objek,aset,neraca,
306,3.1.02.05.001,Estimasi Perubahan SAL,0,rincian objek,aset,neraca,
307,3.1.02.06,Surplus/Defisit LRA,0,rincian objek,aset,neraca,
308,3.1.02.06.001,Surplus/Defisit LRA,0,rincian objek,aset,neraca,
309,3.1.03,Ekuitas untuk Dikonsolidasikan,0,rincian objek,kewajiban,neraca,
310,3.1.03.01,RKPPKD,0,rincian objek,kewajiban,neraca,
311,3.1.03.01.001,RKPPKD,0,rincian objek,kewajiban,neraca,
312,4,Pendapatan BLUD,0,rincian objek,kewajiban,neraca,
313,4.1,Pendapatan Jasa Layanan,0,rincian objek,kewajiban,neraca,
314,4.1.01,Pendapatan Jasa Layanan,0,rincian objek,kewajiban,neraca,
315,4.1.01.01,Pendapatan Jasa Layanan,0,rincian objek,kewajiban,neraca,
316,4.1.01.01.001,Pendapatan Jasa Layanan,0,rincian objek,kewajiban,neraca,
317,4.2,Pendapatan Hibah,0,rincian objek,kewajiban,neraca,
318,4.3.01,Pendapatan Hibah,0,rincian objek,kewajiban,neraca,
319,4.3.01.01,Pendapatan Hibah,0,rincian objek,kewajiban,neraca,
320,4.3.01.01.001,Pendapatan Hibah,0,rincian objek,kewajiban,neraca,
321,4.3,Hasil Kerjasama ,0,rincian objek,kewajiban,neraca,
322,4.3.01,Hasil Kerjasama,0,rincian objek,kewajiban,neraca,
323,4.4,APBD,0,rincian objek,kewajiban,neraca,
324,4.4.01,APBD,0,rincian objek,kewajiban,neraca,
325,4.5,Lain-lain Pendapatan BLUD yang Sah,0,rincian objek,ekuitas,neraca,
326,4.5.01,Lain-lain Pendapatan BLUD yang Sah,0,rincian objek,ekuitas,neraca,
327,5,Belanja BLUD,0,rincian objek,ekuitas,neraca,
328,5.1,Belanja Operasi,0,rincian objek,ekuitas,neraca,
329,5.1.01,Belanja Pegawai,0,rincian objek,ekuitas,neraca,
330,5.1.01.01,Belanja Jasa Pelayanan Bagi ASN,0,rincian objek,ekuitas,neraca,
331,5.1.01.01.001,Belanja Jasa Pelayanan Bagi ASN,0,rincian objek,ekuitas,neraca,
332,5.1.01.02,Honorarium,0,rincian objek,ekuitas,neraca,
333,5.1.01.02.001,Honorarium Penanggungjawaban Pengelolaan Keuangan BLUD,0,rincian objek,ekuitas,neraca,
334,5.1.01.02.002,Honorarium Pengadaan Barang/jasa,0,rincian objek,pendapatan,lra,139
335,5.1.01.02.003,Honorarium Pengelolaan BMD yang Menghasilkan Pendapatan,0,rincian objek,pendapatan,lra,140
336,5.1.01.03,Tunjangan BLUD,0,rincian objek,belanja,lra,
337,5.1.01.03.001,Tunjangan Pengabdian,0,rincian objek,belanja,lra,
338,5.1.01.04,Iuran Asuransi,0,rincian objek,belanja,lra,
339,5.1.01.04.001,Iuran Tunjangan Hari Tua,0,rincian objek,belanja,lra,
340,5.1.01.04.002,Iuran Tunjangan Kesehatan,0,rincian objek,belanja,lra,
341,5.1.01.04.003,Iuran Tunjangan Kecelakaan Kerja,0,rincian objek,belanja,lra,
342,5.1.01.04.004,Iuran Tunjangan Kematian,0,rincian objek,belanja,lra,
343,5.1.02,Belanja Barang dan Jasa,0,rincian objek,belanja,lra,
344,5.1.02.01,Belanja Pakai Habis,0,rincian objek,belanja,lra,
345,5.1.02.01.001,Belanja Bahan-Bahan Bangunan dan Konstruksi,0,rincian objek,belanja,lra,
346,5.1.02.01.002,Belanja Bahan-Bahan Kimia,0,rincian objek,belanja,lra,
347,5.1.02.01.003,Belanja Bahan-Bahan Bakar dan Pelumas,0,rincian objek,belanja,lra,
348,5.1.02.01.004,Belanja Bahan-Bahan Baku,0,rincian objek,belanja,lra,
349,5.1.02.01.005,Belanja Bahan-Bahan/Bibit Tanaman,0,rincian objek,belanja,lra,
350,5.1.02.01.006,Belanja Bahan-Isi Tabung Pemadam Kebakaran,0,rincian objek,belanja,lra,
351,5.1.02.01.007,Belanja Bahan-Isi Tabung Gas,0,rincian objek,belanja,lra,
352,5.1.02.01.008,Belanja Bahan-Bahan Lainnya,0,rincian objek,belanja,lra,
353,5.1.02.01.009,Belanja Suku Cadang-Suku Cadang Alat Angkutan,0,rincian objek,belanja,lra,
354,5.1.02.01.010,Belanja Suku Cadang-Suku Cadang Lainnya,0,rincian objek,belanja,lra,
355,5.1.02.01.011,Belanja Alat/Bahan untuk Kegiatan Kantor-Alat Tulis Kantor,0,rincian objek,belanja,lra,
356,5.1.02.01.012,Belanja Alat/Bahan untuk Kegiatan Kantor-Kertas dan Cover,0,rincian objek,belanja,lra,
357,5.1.02.01.013,Belanja Alat/Bahan untuk Kegiatan Kantor- Bahan Cetak,0,rincian objek,belanja,lra,
358,5.1.02.01.014,Belanja Alat/Bahan untuk Kegiatan Kantor-Benda Pos,0,rincian objek,belanja,lra,
359,5.1.02.01.015,Belanja Alat/Bahan untuk Kegiatan Kantor-Bahan Komputer,0,rincian objek,belanja,lra,
360,5.1.02.01.016,Belanja Alat/Bahan untuk Kegiatan Kantor-Perabot Kantor,0,rincian objek,belanja,lra,
361,5.1.02.01.017,Belanja Alat/Bahan untuk Kegiatan Kantor-Alat Listrik,0,rincian objek,belanja,lra,
362,5.1.02.01.018,Belanja Alat/Bahan untuk Kegiatan Kantor-Perlengkapan Dinas,0,rincian objek,belanja,lra,
363,5.1.02.01.019,Belanja Alat/Bahan untuk Kegiatan Kantor-Perlengkapan Pendukung Olahraga,0,rincian objek,belanja,lra,
364,5.1.02.01.020,Belanja Alat/Bahan untuk Kegiatan Kantor- Suvenir/Cendera Mata,0,rincian objek,belanja,lra,
365,5.1.02.01.021,Belanja Alat/Bahan untuk Kegiatan Kantor-Alat/Bahan untuk Kegiatan Kantor Lainnya,0,rincian objek,belanja,lra,
366,5.1.02.01.022,Belanja Obat-Obatan-Obat,0,rincian objek,belanja,lra,
367,5.1.02.01.023,Belanja Persediaan untuk Dijual/Diserahkan-Persediaan untuk Dijual/Diserahkan kepada Masyarakat,0,rincian objek,belanja,lra,
368,5.1.02.01.024,Belanja Persediaan untuk Dijual/Diserahkan-Persediaan untuk Dijual/Diserahkan Lainnya,0,rincian objek,belanja,lra,
369,5.1.02.01.025,Belanja Makanan dan Minuman Rapat,0,rincian objek,belanja,lra,
370,5.1.02.01.026,Belanja Makanan dan Minuman Jamuan Tamu,0,rincian objek,belanja,lra,
371,5.1.02.01.027,Belanja Makanan dan Minuman Pasien,0,rincian objek,belanja,lra,
372,5.1.02.01.028,Belanja Pakaian Dinas,0,rincian objek,belanja,lra,
373,5.1.02.01.029,Belanja Pakaian Pelatihan Kerja,0,rincian objek,belanja,lra,
374,5.1.02.01.030,Belanja Pakaian Olahraga,0,rincian objek,belanja,lra,
375,5.1.02.01.031,Belanja Pakaian Batik Tradisional,0,rincian objek,belanja,lra,
376,5.1.02.01.032,Belanja Alat Kesehatan Pakai Habis,0,rincian objek,belanja,lra,
377,5.1.02.01.033,Belanja Alat Kedokteran Pakai Habis,0,rincian objek,belanja,lra,
378,5.1.02.01.034,Belanja Alat Labolatorium Pakai Habis,0,rincian objek,belanja,lra,
379,5.1.02.02,Belanja Barang Tak Habis Pakai,0,rincian objek,belanja,lra,
380,5.1.02.02.001,Belanja Pipa-Pipa Plastik PVC (UPVC),0,rincian objek,belanja,lra,
381,5.1.02.03,Belanja Jasa,0,rincian objek,belanja,lra,
382,5.1.02.03.001,"Honorarium Narasumber atau Pembahas, Moderator, Pembawa Acara, dan Panitia",0,rincian objek,belanja,lra,
383,5.1.02.03.002,Honorarium Tim Pelaksana Kegiatan,0,rincian objek,belanja,lra,
384,5.1.02.03.003,Honorarium Tim Pelaksana Kegiatan,0,rincian objek,belanja,lra,
385,5.1.02.03.004,Honorarium Penyelenggaraan Kegiatan Pendidikan dan Pelatihan,0,rincian objek,belanja,lra,
386,5.1.02.03.005,Belanja Jasa Tenaga Kesehatan,0,rincian objek,belanja,lra,
387,5.1.02.03.006,Belanja Jasa Tenaga Laboratorium,0,rincian objek,belanja,lra,
388,5.1.02.03.007,Belanja Jasa Tenaga Penanganan Prasarana dan Sarana Umum,0,rincian objek,belanja,lra,
389,5.1.02.03.008,"Belanja Jasa Tenaga Ketenteraman, Ketertiban Umum, dan Perlindungan Masyarakat",0,rincian objek,belanja,lra,
390,5.1.02.03.009,Belanja Jasa Tenaga Pemadam Kebakaran dan Penyelamatan,0,rincian objek,belanja,lra,
391,5.1.02.03.010,Belanja Jasa Tenaga Penanganan Sosial,0,rincian objek,belanja,lra,
392,5.1.02.03.011,Belanja Jasa Tenaga Penanganan Sosial,0,rincian objek,belanja,lra,
393,5.1.02.03.012,Belanja Jasa Tenaga Kesenian dan Kebudayaan,0,rincian objek,belanja,lra,
394,5.1.02.03.013,Belanja Jasa Tenaga Administrasi,0,rincian objek,belanja,lra,
395,5.1.02.03.014,Belanja Jasa Tenaga Operator Komputer,0,rincian objek,belanja,lra,
396,5.1.02.03.015,Belanja Jasa Tenaga Pelayanan Umum,0,rincian objek,belanja,lra,
397,5.1.02.03.016,Belanja Jasa Tenaga Ahli,0,rincian objek,belanja,lra,
398,5.1.02.03.017,Belanja Jasa Tenaga Kebersihan,0,rincian objek,belanja,lra,
399,5.1.02.03.018,Belanja Jasa Tenaga Keamanan,0,rincian objek,belanja,lra,
400,5.1.02.03.019,Belanja Jasa Tenaga Supir,0,rincian objek,belanja,lra,
401,5.1.02.03.020,Belanja Jasa Tenaga Supir,0,rincian objek,belanja,lra,
402,5.1.02.03.021,Belanja Jasa Audit/Surveillance ISO,0,rincian objek,belanja,lra,
403,5.1.02.03.022,Belanja Jasa Juri Perlombaan/Pertandingan,0,rincian objek,belanja,lra,
404,5.1.02.03.023,Belanja Jasa Tenaga Informasi dan Teknologi,0,rincian objek,belanja,lra,
405,5.1.02.03.024,Belanja Jasa Tenaga Informasi dan Teknologi,0,rincian objek,belanja,lra,
406,5.1.02.03.025,Belanja Jasa Konversi Aplikasi/Sistem Informasi,0,rincian objek,belanja,lra,
407,5.1.02.03.026,Belanja Jasa Penyelenggaraan Acara,0,rincian objek,belanja,lra,
408,5.1.02.03.027,Belanja Jasa Kontribusi Asosiasi,0,rincian objek,belanja,lra,
409,5.1.02.03.028,"Belanja Jasa Pencucian Pakaian, Alat Kesenian dan Kebudayaan, serta Alat Rumah Tangga",0,rincian objek,belanja,lra,
410,5.1.02.03.029,Belanja Jasa Kalibrasi,0,rincian objek,belanja,lra,
411,5.1.02.03.030,Belanja Jasa Pengolahan Sampah,0,rincian objek,belanja,lra,
412,5.1.02.03.031,Belanja Jasa Pengukuran Tanah,0,rincian objek,belanja,lra,
413,5.1.02.03.032,"Belanja Jasa Iklan/Reklame, Film, dan Pemotretan",0,rincian objek,belanja,lra,
414,5.1.02.03.033,Belanja Tagihan Telepon,0,rincian objek,belanja,lra,
415,5.1.02.03.034,Belanja Tagihan Air,0,rincian objek,belanja,lra,
416,5.1.02.03.035,Belanja Tagihan Listrik,0,rincian objek,belanja,lra,
417,5.1.02.03.036,Belanja Langganan Jurnal/Surat Kabar/Majalah,0,rincian objek,belanja,lra,
418,5.1.02.03.037,Belanja Kawat/Faksimili/Internet/TV Berlangganan,0,rincian objek,belanja,lra,
419,5.1.02.03.038,Belanja Paket/Pengiriman,0,rincian objek,belanja,lra,
420,5.1.02.03.039,"Belanja Pembayaran Pajak, Bea, dan Perizinan",0,rincian objek,belanja,lra,
421,5.1.02.03.040,Belanja Ganti Rugi kepada Pihak Ketiga Akibat Kecelakaan,0,rincian objek,belanja,lra,
422,5.1.02.03.041,Belanja Medical Check Up,0,rincian objek,belanja,lra,
423,5.1.02.04,Belanja Iuran Jaminan/Asuransi,0,rincian objek,belanja,lra,
424,5.1.02.04.001,Belanja Iuran Jaminan Kesehatan bagi Non ASN,0,rincian objek,belanja,lra,
425,5.1.02.04.002,Belanja Iuran Jaminan Kecelakaan Kerja bagi Non ASN,0,rincian objek,belanja,lra,
426,5.1.02.04.003,Belanja Iuran Jaminan Kematian bagi NON ASN,0,rincian objek,belanja,lra,
427,5.1.02.05,Belanja Sewa Tanah,0,rincian objek,belanja,lra,
428,5.1.02.05.001,Belanja Sewa Tanah,0,rincian objek,belanja,lra,
429,5.1.02.06,Belanja Sewa Peralatan dan Mesin,0,rincian objek,belanja,lra,
430,5.1.02.06.001,Belanja Sewa Electric Generating Set,0,rincian objek,belanja,lra,
431,5.1.02.06.002,Belanja Sewa Kendaraan Bermotor Penumpang,0,rincian objek,belanja,lra,
432,5.1.02.06.003,Belanja Sewa Kendaraan Bermotor Angkutan Barang,0,rincian objek,belanja,lra,
433,5.1.02.06.004,Belanja Sewa Alat Kantor Lainnya,0,rincian objek,belanja,lra,
434,5.1.02.06.005,Belanja Sewa Mebel,0,rincian objek,belanja,lra,
435,5.1.02.06.006,Belanja Sewa Alat Pendingin,0,rincian objek,belanja,lra,
436,5.1.02.06.007,Belanja Sewa Peralatan Studio Audio,0,rincian objek,belanja,lra,
437,5.1.02.06.008,Belanja Sewa Peralatan Cetak,0,rincian objek,belanja,lra,
438,5.1.02.06.009,Belanja Sewa Peralatan Umum,0,rincian objek,belanja,lra,
439,5.1.02.06.010,Belanja Sewa Personal Computer,0,rincian objek,belanja,lra,
440,5.1.02.06.011,Belanja Sewa Peralatan dan Mesin lainnya,0,rincian objek,belanja,lra,
441,5.1.02.07,Belanja Sewa Gedung dan Bangunan,0,rincian objek,belanja,lra,
442,5.1.02.07.001,Belanja Sewa Bangunan Gedung Kantor,0,rincian objek,belanja,lra,
443,5.1.02.07.002,Belanja Sewa Bangunan Gedung Tempat Pertemuan,0,rincian objek,belanja,lra,
444,5.1.02.07.003,Belanja Sewa Mess/Wisma/Bungalow/Tempat Peristirahatan,0,rincian objek,belanja,lra,
445,5.1.02.07.004,Belanja Sewa Hotel,0,rincian objek,belanja,lra,
446,5.1.02.08,Belanja Jasa Konsultansi Konstruksi,0,rincian objek,belanja,lra,
447,5.1.02.08.001,Belanja Jasa Konsultansi Perencanaan,0,rincian objek,belanja,lra,
448,5.1.02.08.002,Belanja Jasa Konsultansi Pengawasan,0,rincian objek,belanja,lra,
449,5.1.02.08.003,Belanja Jasa Konsultansi Lainnya,0,rincian objek,belanja,lra,
450,5.1.02.09,Belanja Jasa Konsultansi Non Konstruksi,0,rincian objek,belanja,lra,
451,5.1.02.09.001,Belanja Jasa Konsultansi Berorientasi Bidang-Kesehatan,0,rincian objek,belanja,lra,
452,5.1.02.09.002,Belanja Jasa Konsultansi Berorientasi Bidang lainnya,0,rincian objek,belanja,lra,
453,5.1.02.10,Belanja Beasiswa Pendidikan,0,rincian objek,belanja,lra,
454,5.1.02.10.001,Belanja Beasiswa Pendidikan,0,rincian objek,belanja,lra,
455,5.1.02.11,"Belanja Kursus/Pelatihan, Sosialisasi, Bimbingan Teknis serta Pendidikan dan Pelatihan",0,rincian objek,belanja,lra,
456,5.1.02.11.001,Belanja Kursus Singkat/Pelatihan,0,rincian objek,belanja,lra,
457,5.1.02.11.002,Belanja Bimbingan Teknis,0,rincian objek,pembiayaan,lra,
458,5.1.02.11.003,Belanja Pendidikan dan Pelatihan,0,rincian objek,pembiayaan,lra,
459,5.1.02.12,Belanja Jasa Pelayanan Bagi NON ASN,0,rincian objek,pembiayaan,lra,
460,5.1.02.12.001,Belanja Jasa Pelayanan Bagi NON ASN,0,rincian objek,pembiayaan,lra,
461,5.1.02.13,Belanja Pemeliharaan,0,rincian objek,pendapatan-lo,lo,
462,5.1.02.13.001,Belanja Pemeliharaan Tanah,0,rincian objek,pendapatan-lo,lo,
463,5.1.02.13.002,Belanja Pemeliharaan Peralatan dan Mesin,0,rincian objek,pendapatan-lo,lo,
464,5.1.02.13.003,Belanja Pemeliharaan Gedung dan Bangunan,0,rincian objek,pendapatan-lo,lo,
465,5.1.02.13.004,"Belanja Pemeliharaan Jalan, Jaringan dan Irigasi",0,rincian objek,pendapatan-lo,lo,
466,5.1.02.13.005,Belanja Pemeliharaan Aset Tetap Lainnya,0,rincian objek,beban-lo,lo,
467,5.1.02.14,Belanja Perjalanan Dinas,0,rincian objek,beban-lo,lo,
468,5.1.02.14.001,Belanja Perjalanan Dinas Biasa,0,rincian objek,beban-lo,lo,
469,5.1.02.14.002,Belanja Perjalanan Dinas Dalam Kota,0,rincian objek,beban-lo,lo,
470,5.1.02.14.003,Belanja Perjalanan Dinas Paket Metting Dalam Kota,0,rincian objek,beban-lo,lo,
471,5.1.02.14.004,Belanja Perjalanan Dinas Paket Metting Luar Kota,0,rincian objek,beban-lo,lo,
472,5.1.02.15,Belanja Perjalanan Dinas Luar Negeri,0,rincian objek,beban-lo,lo,
473,5.1.02.15.001,Belanja Perjalanan Dinas Luar Negeri,0,rincian objek,beban-lo,lo,
474,5.1.02.16,Belanja Uang dan/atau Jasa untuk Diberikan kepada Pihak Ketiga/Pihak Lain/Masyarakat,0,rincian objek,beban-lo,lo,
475,5.1.02.16.001,Belanja Hadiah yang Bersifat Perlombaan,0,rincian objek,beban-lo,lo,
476,5.1.02.16.002,Belanja Penghargaan atas Suatu Prestasi,0,rincian objek,beban-lo,lo,
477,5.1.02.16.003,Belanja Beasiswa,0,rincian objek,beban-lo,lo,
478,5.1.02.17,Belanja Jasa yang Diberikan kepada Pihak Ketiga/Pihak Lain/Masyarakat,0,rincian objek,beban-lo,lo,
479,5.1.02.17.001,Belanja Jasa yang Diberikan kepada Pihak Ketiga/Pihak Lain,0,rincian objek,beban-lo,lo,
480,5.1.02.17.002,Belanja Jasa yang Diberikan kepada Masyarakat,0,rincian objek,beban-lo,lo,
481,5.1.03,Belanja Bunga,0,rincian objek,beban-lo,lo,
482,5.1.03.01,Belanja Bunga,0,rincian objek,beban-lo,lo,
483,5.1.03.01.001,Belanja Bunga Pinjaman,0,rincian objek,beban-lo,lo,
484,5.1,Belanja Hibah,0,rincian objek,beban-lo,lo,
485,5.1.04,Belanja Hibah,0,rincian objek,beban-lo,lo,
486,5.1.04.01,Belanja Hibah ,0,rincian objek,beban-lo,lo,
487,5.1.04.01.001,Belanja Hibah pada Organisasi/Lembaga,0,rincian objek,beban-lo,lo,
488,5.2,Belanja Modal,0,rincian objek,beban-lo,lo,
489,5.2.01,Belanja Tanah,0,rincian objek,beban-lo,lo,
490,5.2.01.01,Belanja Tanah,0,rincian,aset,neraca,
491,5.2.01.01.001,Belanja Tanah,0,rincian,aset,neraca,
492,5.2.02,Belanja Peralatan dan Mesin,0,rincian,aset,neraca,
493,5.2.02.01,Belanja Modal Alat Besar,0,rincian,aset,neraca,
494,5.2.02.01.001,Belanja Modal Pompa,0,rincian,aset,neraca,
495,5.2.02.01.002,Belanja Modal Mesin Bor,0,rincian,aset,neraca,
496,5.2.02.01.003,Belanja Modal Kendaraan Dinas Bermotor Perorangan,0,rincian,aset,neraca,
497,5.2.02.01.004,Belanja Modal Kendaraan Bermotor Penumpang,0,rincian,aset,neraca,
498,5.2.02.01.005,Belanja Modal Kendaraan Bermotor Angkutan Barang,0,rincian,aset,neraca,
499,5.2.02.01.006,Belanja Modal Kendaraan Bermotor Beroda Dua,0,rincian,aset,neraca,
500,5.2.02.01.007,Belanja Modal Kendaraan Bermotor Beroda Tiga,0,rincian,aset,neraca,
501,5.2.02.01.008,Belanja Modal Kendaraan Bermotor Khusus,0,rincian,aset,neraca,
502,5.2.02.01.009,Belanja Modal Kendaraan Tak Bermotor Angkutan Barang,0,rincian,aset,neraca,
503,5.2.02.01.010,Belanja Modal Alat Bengkel ,0,rincian,aset,neraca,
504,5.2.02.01.011,Belanja Modal Alat Ukur,0,rincian,aset,neraca,
505,5.2.02.01.012,Belanja Modal Alat Pertanian,0,rincian,aset,neraca,
506,5.2.02.01.013,Belanja Modal Alat Pengolahan,0,rincian,aset,neraca,
507,5.2.02.02,Belanja Modal Alat Kantor,0,rincian,aset,neraca,
508,5.2.02.02.001,Belanja Modal Mesin Hitung/Mesin Jumlah,0,rincian,aset,neraca,
509,5.2.02.02.002,Belanja Modal Alat Penyimpan Perlengkapan Kantor,0,rincian,aset,neraca,
510,5.2.02.02.003,Belanja Modal Alat Kantor Lainnya,0,rincian,aset,neraca,
511,5.2.02.03,Belanja Modal Alat Rumah Tangga,0,rincian,aset,neraca,
512,5.2.02.03.001,Belanja Modal Mebel,0,rincian,aset,neraca,
513,5.2.02.03.002,Belanja Modal Alat Pembersih,0,rincian,aset,neraca,
514,5.2.02.03.003,Belanja Modal Alat Pendingin,0,rincian,aset,neraca,
515,5.2.02.03.004,Belanja Modal Alat Rumah Tangga Lainnya (Home Use),0,rincian,aset,neraca,
516,5.2.02.03.005,Belanja Modal Alat Pemadam Kebakaran,0,rincian,aset,neraca,
517,5.2.02.03.006,Belanja Modal Lemari dan Arsip,0,rincian,aset,neraca,
518,5.2.02.03.007,Belanja Modal Peralatan Studio Audio,0,rincian,aset,neraca,
519,5.2.02.03.008,Belanja Modal Alat Studio Lainnya,0,rincian,aset,neraca,
520,5.2.02.03.009,Belanja Modal Alat Komunikasi Telephone,0,rincian,aset,neraca,
521,5.2.02.03.010,Belanja Modal Alat Komunikasi Lainnya,0,rincian,aset,neraca,
522,5.2.02.03.011,Belanja Modal Sumber Tenaga,0,rincian,aset,neraca,
523,5.2.02,Belanja Modal Alat Kedokteran dan Alat Kesehatan,0,rincian,aset,neraca,
524,5.2.02.04.001,Belanja Modal Alat Kedokteran Umum,0,rincian,aset,neraca,
525,5.2.02.04,Belanja Modal Alat Kedokteran Gigi,0,rincian,aset,neraca,
526,5.2.02.04.002,Belanja Modal Alat Kesehatan Kebidanan dan Penyakit Kandungan,0,rincian,aset,neraca,
527,5.2.02.04.003,Belanja Modal Alat Kedokteran anak,0,rincian,aset,neraca,
528,5.2.02.04.004,Belanja Modal Alat Kedokteran Neurologi (Saraf),0,rincian,aset,neraca,
529,5.2.02.04.005,Belanja Modal Alat Kedokteran Jantung,0,rincian,aset,neraca,
530,5.2.02.04.006,Belanja Modal Alat Kesehatan Umum Lainnya,0,rincian,aset,neraca,
531,5.2.02.05,Belanja Modal Alat Laboratorium,0,rincian,aset,neraca,
532,5.2.02.05.001,Belanja Modal Alat Laboratorium,0,rincian,aset,neraca,
533,5.2.02.05.002,Belanja Modal Alat Laboratorium Standar dan Kalibrator,0,rincian,aset,neraca,
534,5.2.02.06,Belanja Modal Komputer,0,rincian,aset,neraca,
535,5.2.02.06.001,Belanja Modal Komputer Jaringan,0,rincian,aset,neraca,
536,5.2.02.06.002,Belanja Modal Personal Computer,0,rincian,aset,neraca,
537,5.2.02.06.003,Belanja Modal Komputer Unit Lainnya,0,rincian,aset,neraca,
538,5.2.02.06.004,Belanja Modal Peralatan Mainframe,0,rincian,aset,neraca,
539,5.2.02.06.005,Belanja Modal Peralatan Personal Computer,0,rincian,aset,neraca,
540,5.2.02.06.006,Belanja Modal Peralatan Jaringan,0,rincian,aset,neraca,
541,5.2.02.06.007,Belanja Modal Peralatan Komputer Lainnya,0,rincian,aset,neraca,
542,5.2.02.07,Belanja Modal Alat Pelindung,0,rincian,aset,neraca,
543,5.2.02.07.001,Belanja Modal Alat Pelindung,0,rincian,aset,neraca,
544,5.2.02.08,Belanja Modal Rambu-Rambu,0,rincian,aset,neraca,
545,5.2.02.08.001,Belanja Modal Rambu-Rambu,0,rincian,aset,neraca,
546,5.2.02.09,Belanja Modal Peralatan Olahraga,0,rincian,aset,neraca,
547,5.2.02.09.001,Belanja Modal Peralatan Olahraga,0,rincian,aset,neraca,
548,5.2.03,Belanja Gedung dan Bangunan,0,rincian,aset,neraca,
549,5.2.03.01,Belanja Modal Bangunan Gedung,0,rincian,aset,neraca,
550,5.2.03.01.001,Belanja Modal Bangunan Gedung Tempat Kerja,0,rincian,aset,neraca,
551,5.2.03.01.002,Belanja Modal Bangunan Gedung Kantor,0,rincian,aset,neraca,
552,5.2.03.01.003,Belanja Modal Bangunan Gedung Instalasi,0,rincian,aset,neraca,
553,5.2.03.01.004,Belanja Modal Bangunan Kesehatan,0,rincian,aset,neraca,
554,5.2.03.01.005,Belanja Modal Bangunan Gedung Tempat Olahraga,0,rincian,aset,neraca,
555,5.2.03.01.006,Belanja Modal Bangunan Terbuka,0,rincian,aset,neraca,
556,5.2.03.01.007,Belanja Modal Bangunan Gedung Tempat Kerja Lainnya,0,rincian,aset,neraca,
557,5.2.03.01.008,Belanja Modal Bangunan Fasilitas Umum,0,rincian,aset,neraca,
558,5.2.03.01.009,Belanja Modal Bangunan Parkir,0,rincian,aset,neraca,
559,5.2.03.01.010,Belanja Modal Taman,0,rincian,aset,neraca,
560,5.2.03.02,Belanja Modal Tugu Titik Kontrol/Pasti,0,rincian,belanja,lra,
561,5.2.03.02.001,Belanja Modal Pagar,0,rincian,belanja,lra,
562,5.2.03.02.002,Belanja Modal Tugu/Tanda Batas Lainnya,0,rincian,belanja,lra,
563,5.2.04,"Belanja Jalan, Irigasi dan Jaringan",0,rincian,belanja,lra,
564,5.2.04.01,Belanja Modal Jalan,0,rincian,belanja,lra,
565,5.2.04.01.001,Belanja Modal Jalan,0,rincian,belanja,lra,
566,5.2.04.02,Belanja Modal Jembatan,0,rincian,belanja,lra,
567,5.2.04.02.001,Belanja Modal Jembatan,0,rincian,belanja,lra,
568,5.2.04.03,Belanja Modal Bangunan Air,0,rincian,belanja,lra,
569,5.2.04.03.001,Belanja Modal Bangunan Air,0,rincian,belanja,lra,
570,5.2.04.04,Belanja Modal Instalasi,0,rincian,belanja,lra,
571,5.2.04.04.001,Belanja Modal Instalasi Air Kotor,0,rincian,belanja,lra,
572,5.2.04.05,Belanja Modal Jaringan,0,rincian,belanja,lra,
573,5.2.04.05.001,Belanja Modal Jaringan Listrik,0,rincian,belanja,lra,
574,5.2.04.05.002,Belanja Modal Jaringan Telpon,0,rincian,belanja,lra,
575,5.2.04.05.003,Belanja Modal Jaringan Gas,0,rincian,belanja,lra,
576,5.2.04.05.004,Belanja Modal Jaringan Distribusi,0,rincian,belanja,lra,
577,5.2.05,Belanja Aset Tetap Lainnya,0,rincian,belanja,lra,
578,5.2.05.01,Belanja Modal Bahan Perpustakaan,0,rincian,belanja,lra,
579,5.2.05.01.001,Belanja Modal Buku,0,rincian,belanja,lra,
580,5.2.05.02,Belanja Modal Aset Tak berwujud,0,rincian,belanja,lra,
581,5.2.05.02.001,Belanja Modal Software,0,rincian,belanja,lra,
582,6,Pembiayaan,0,rincian,belanja,lra,
583,6.1,Penerimaan Pembiayaan,0,rincian,belanja,lra,
584,6.1.01,Penggunaan Sisa Lebih Perhitungan Anggaran Tahun Sebelumnya (SiLPA),0,rincian,belanja,lra,
585,6.1.01.01,Penggunaan Sisa Lebih Perhitungan Anggaran Tahun Sebelumnya (SiLPA),0,rincian,belanja,lra,
586,6.1.01.01.001,Penggunaan Sisa Lebih Perhitungan Anggaran Tahun Sebelumnya (SiLPA),0,rincian,belanja,lra,
587,6.1.02,Penerimaan Utang/Pinjaman,0,rincian,belanja,lra,
588,6.1.02.01,Penerimaan Utang/Pinjaman,0,rincian,belanja,lra,
589,6.1.02.01.001,Penerimaan Utang/Pinjaman,0,rincian,belanja,lra,
590,6.1.03,Dst….,0,rincian,belanja,lra,
591,6.2,Pengeluaran Pembiayaan,0,rincian,belanja,lra,
592,6.2.01,Investasi,0,rincian,belanja,lra,
593,6.2.01.01,Investasi,0,rincian,belanja,lra,
594,6.2.01.01.001,Investasi,0,rincian,belanja,lra,
595,6.2.02,Pembayaran Pokok Utang/Pinjaman,0,rincian,belanja,lra,
596,6.2.02.01,Pembayaran Pokok Utang/Pinjaman,0,rincian,belanja,lra,
597,6.2.02.01.001,Pembayaran Pokok Utang/Pinjaman,0,rincian,belanja,lra,
598,6.2.03,Dst….,0,rincian,belanja,lra,
599,7,Pendapatan-LO BLUD,0,rincian,belanja,lra,
600,7.1,Pendapatan Jasa Layanan-LO BLUD,0,rincian,belanja,lra,
601,7.1.01,Pendapatan Jasa Layanan-LO BLUD,0,rincian,belanja,lra,
602,7.1.01.01,Pendapatan Jasa Layanan-LO BLUD,0,rincian,belanja,lra,
603,7.1.01.01.001,Pendapatan Jasa Layanan-LO BLUD,0,rincian,belanja,lra,
604,7.2,Pendapatan Hibah-LO BLUD,0,rincian,belanja,lra,
605,7.2.01,Pendapatan Hibah-LO BLUD,0,rincian,belanja,lra,
606,7.2.01.01,Pendapatan Hibah-LO BLUD,0,rincian,belanja,lra,
607,7.2.01.01.001,Pendapatan Hibah-LO BLUD,0,rincian,belanja,lra,
608,7.3,Hasil Kerjasama -LO BLUD,0,rincian,belanja,lra,
609,7.3.01,Hasil Kerjasama-LO BLUD,0,rincian,belanja,lra,
610,7.3.01.01,Hasil Kerjasama-LO BLUD,0,rincian,belanja,lra,
611,7.3.01.01.001,Hasil Kerjasama-LO BLUD,0,rincian,belanja,lra,
612,7.4,APBD-LO BLUD,0,rincian,belanja,lra,
613,7.4.01,APBD-LO BLUD,0,rincian,belanja,lra,
614,7.4.01.01,APBD-LO BLUD,0,rincian,belanja,lra,
615,7.4.01.01.001,APBD-LO BLUD,0,rincian,belanja,lra,
616,7.5,Lain-lain Pendapatan BLUD yang Sah-LO BLUD,0,rincian,belanja,lra,
617,7.5.01,Lain-lain Pendapatan BLUD yang Sah-LO BLUD,0,rincian,belanja,lra,
618,7.5.01.01,Lain-lain Pendapatan BLUD yang Sah-LO BLUD,0,rincian,belanja,lra,
619,7.5.01.01.001,Lain-lain Pendapatan BLUD yang Sah-LO BLUD,0,rincian,belanja,lra,
620,8,Beban Operasi -LOBLUD,0,rincian,belanja,lra,
621,8.1,Beban Operasi-LO BLUD,0,rincian,belanja,lra,
622,8.1.01,Beban Pegawai-LO BLUD,0,rincian,belanja,lra,
623,8.1.01.01,Beban Pegawai-LO BLUD,0,rincian,belanja,lra,
624,8.1.01.01.001,Beban Pegawai-LO BLUD,0,rincian,belanja,lra,
625,8.1.02,Beban Barang dan Jasa-LO BLUD,0,rincian,belanja,lra,
626,8.1.02.01,Beban Barang dan Jasa-LO BLUD,0,rincian,belanja,lra,
627,8.1.02.01.001,Beban Barang dan Jasa-LO BLUD,0,rincian,belanja,lra,
628,8.1.03,Beban Bunga-LO BLUD,0,rincian,belanja,lra,
629,8.1.03.01,Beban Bunga-LO BLUD,0,rincian,belanja,lra,
630,8.1.03.01.001,Beban Bunga-LO BLUD,0,rincian,belanja,lra,
631,8.1.04,Beban Lain-lain-LO BLUD,0,rincian,belanja,lra,
632,8.1.04.01,Beban Lain-lain-LO BLUD,0,rincian,belanja,lra,
633,8.1.04.01.001,Beban Lain-lain-LO BLUD,0,rincian,belanja,lra,
634,8.2,Beban Penyusunan dan Amotisasi-LO BLUD,0,rincian,belanja,lra,
635,8.2.01,Beban Penyusunan dan Amotisasi Peralatan dan Mesin-LO BLUD,0,rincian,belanja,lra,
636,8.2.01.01,Beban Penyusunan dan Amotisasi Peralatan dan Mesin-LO BLUD,0,rincian,belanja,lra,
637,8.2.01.01.001,Beban Penyusunan dan Amotisasi Peralatan dan Mesin-LO BLUD,0,rincian,belanja,lra,
638,8.2.02,Beban Penyusunan dan Amotisasi Gedung dan Bangunan-LO BLUD,0,rincian,belanja,lra,
639,8.2.02.01,Beban Penyusunan dan Amotisasi Gedung dan Bangunan-LO BLUD,0,rincian,belanja,lra,
640,8.2.02.01.001,Beban Penyusunan dan Amotisasi Gedung dan Bangunan-LO BLUD,0,rincian,belanja,lra,
641,8.2.03,"Beban Penyusunan dan Amotisasi Jalan, Irigasi dan Jaringan-LO BLUD",0,rincian,belanja,lra,
642,8.2.03.01,"Beban Penyusunan dan Amotisasi Jalan, Irigasi dan Jaringan-LO BLUD",0,rincian,belanja,lra,
643,8.2.03.01.001,"Beban Penyusunan dan Amotisasi Jalan, Irigasi dan Jaringan-LO BLUD",0,rincian,belanja,lra,
644,8.2.04,Beban Penyusunan dan Amotisasi Aset Tetap Lainnya-LO BLUD,0,rincian,belanja,lra,
645,8.2.04.01,Beban Penyusunan dan Amotisasi Aset Tetap Lainnya-LO BLUD,0,rincian,belanja,lra,
,8.2.04.01.001,Beban Penyusunan dan Amotisasi Aset Tetap Lainnya-LO BLUD,,,,,
,8.2.05,Beban Penyusunan dan Amotisasi Aset Lainnya-LO BLUD,,,,,
,8.2.05.01,Beban Penyusunan dan Amotisasi Aset Lainnya-LO BLUD,,,,,
,8.2.05.01.001,Beban Penyusunan dan Amotisasi Aset Lainnya-LO BLUD,,,,,
,8.2.06,Beban Lainnya,,,,,
,8.2.06.01,Beban Penurunan Nilai Investasi,,,,,
,8.2.06.01.001,Beban Penurunan Nilai Investasi,,,,,
,8.2.06.02,Beban Penyisihan Piutang,,,,,
,8.2.06.02.001,Beban Penyisihan Piutang Pendapatan,,,,,
,8.2.06.02.002,Beban Penyisihan Piutang Hibah,,,,,
,8.2.06.02.003,Beban Penyisihan Bagian Lancar Tagihan Pinjaman Jangka Panjang,,,,,
,8.2.06.02.004,Beban Penyisihan Bagian Lancar Tagihan Penjualan Angsuran,,,,,
,8.2.06.02.005,Beban Penyisihan Bagian Lancar Tuntuan Ganti Rugi,,,,,
,8.2.06.02.006,Beban Penyisihan Uang Muka,,,,,
,8.2.06.02.007,Beban Penyisihan Lainnya,,,,,
,8.2.07,Beban Transver,,,,,
,8.2.07.01,Beban Transver Bagi Hasil Pendapatan,,,,,
,8.2.07.01.001,Beban Transver Bagi Hasil Pendapatan,,,,,
,8.2.08,Beban Non Operasional LO BLUD,,,,,
,8.2.08.01,Defisit Penjualan Aset LO BLUD,,,,,
,8.2.08.01.001,Defisit Penjualan Aset LO BLUD,,,,,
,8.2.08.02,Defisit Penyelesaian Kewajiban LO BLUD,,,,,
,8.2.08.02.001,Defisit Penyelesaian Kewajiban LO BLUD,,,,,
,8.2.08.03,Defisit dari Kegiatan Non Operasional Lainnya -LO BLUD,,,,,
,8.2.08.03.001,Defisit dari Kegiatan Non Operasional Lainnya -LO BLUD,,,,,
,8.2.09,Beban Luar Biasa LO BLUD,,,,,
,8.2.09.01,Beban Luar Biasa LO BLUD,,,,,
,8.2.09.01.001,Beban Bencana Alam LO BLUD,,,,,
,8.2.09.01.002,Beban Luar Biasa Lainnya LO BLUD,,,,,
,8.2.09.01.003,Beban Tidak Terduga LO BLUD,,,,,
,8.2.09.01.004,Dst…,,,,,
